[
    {
        "id": "1761361584-4056b5ff",
        "name": "Praveen Marwal",
        "email": "collectionofwood214@gmail.com",
        "message": "hjkmhjgk",
        "ip": "::1",
        "created_at": "2025-10-25T05:06:24+02:00"
    },
    {
        "id": "1761374785-19382c2c",
        "name": "Praveen Marwal",
        "email": "collectionofwood214@gmail.com",
        "message": "dfgfdhfgh",
        "ip": "::1",
        "created_at": "2025-10-25T08:46:25+02:00"
    },
    {
        "id": "1761374886-1a585494",
        "name": "dsfds",
        "email": "praveenmarwal905@gmail.com",
        "message": "swdfdsgdsg",
        "ip": "::1",
        "created_at": "2025-10-25T08:48:06+02:00"
    }
]